product,url
Tesamorelin 10mg,https://harmonyxpeptides.com/guides/tesamorelin.pdf
Tesamorelin 20mg,https://harmonyxpeptides.com/guides/tesamorelin.pdf
Ipamorelin 10mg,https://harmonyxpeptides.com/guides/ipamorelin.pdf
CJC-1295 10mg,https://harmonyxpeptides.com/guides/cjc-1295.pdf
CJC/Ipamorelin 10mg,https://harmonyxpeptides.com/guides/cjc-ipamorelin.pdf
CJC/Ipamorelin 20mg,https://harmonyxpeptides.com/guides/cjc-ipamorelin.pdf
Sermorelin 5mg,https://harmonyxpeptides.com/guides/sermorelin.pdf
GLP-3X 10mg,https://harmonyxpeptides.com/guides/glp-3x.pdf
GLP-3X 15mg,https://harmonyxpeptides.com/guides/glp-3x.pdf
GLP-3X 20mg,https://harmonyxpeptides.com/guides/glp-3x.pdf
GLP-3X 30mg,https://harmonyxpeptides.com/guides/glp-3x.pdf
GLP-2X 10mg,https://harmonyxpeptides.com/guides/glp-2x.pdf
GLP-2X 15mg,https://harmonyxpeptides.com/guides/glp-2x.pdf
GLP-2X 30mg,https://harmonyxpeptides.com/guides/glp-2x.pdf
5-Amino-1MQ 10mg,https://harmonyxpeptides.com/guides/5-amino-1mq.pdf
5-Amino-1MQ 50mg,https://harmonyxpeptides.com/guides/5-amino-1mq.pdf
Cagrilintide 10mg,https://harmonyxpeptides.com/guides/cagrilintide.pdf
ARA-290 10mg,https://harmonyxpeptides.com/guides/ara-290.pdf
BPC-157 10mg,https://harmonyxpeptides.com/guides/bpc-157.pdf
TB-500 10mg,https://harmonyxpeptides.com/guides/tb-500.pdf
Wolverine 10mg,https://harmonyxpeptides.com/guides/wolverine.pdf
Wolverine 20mg,https://harmonyxpeptides.com/guides/wolverine.pdf
KPV 10mg,https://harmonyxpeptides.com/guides/kpv.pdf
GHK-Cu 50mg,https://harmonyxpeptides.com/guides/ghk-cu.pdf
GHK-Cu 100mg,https://harmonyxpeptides.com/guides/ghk-cu.pdf
Glow 70mg,https://harmonyxpeptides.com/guides/glow.pdf
KLOW 80mg,https://harmonyxpeptides.com/guides/klow.pdf
SNAP-8 10mg,https://harmonyxpeptides.com/guides/snap-8.pdf
NAD+ 500mg,https://harmonyxpeptides.com/guides/nad.pdf
NAD+ 1000mg,https://harmonyxpeptides.com/guides/nad.pdf
NAD+ Buffered 1000mg,https://harmonyxpeptides.com/guides/nad-buffered.pdf
MOTS-c 10mg,https://harmonyxpeptides.com/guides/mots-c.pdf
MOTS-c 40mg,https://harmonyxpeptides.com/guides/mots-c.pdf
SS-31 10mg,https://harmonyxpeptides.com/guides/ss-31.pdf
SS-31 50mg,https://harmonyxpeptides.com/guides/ss-31.pdf
Semax 10mg,https://harmonyxpeptides.com/guides/semax.pdf
Selank 10mg,https://harmonyxpeptides.com/guides/selank.pdf
Selank + Semax 10mg,https://harmonyxpeptides.com/guides/selank-semax-blend-10mg-v2.pdf
Adamax 10mg,https://harmonyxpeptides.com/guides/adamax.pdf
Epithalon 10mg,https://harmonyxpeptides.com/guides/epithalon.pdf
Pinealon 10mg,https://harmonyxpeptides.com/guides/pinealon.pdf
Glutathione 500mg,https://harmonyxpeptides.com/guides/glutathione.pdf
Glutathione 600mg,https://harmonyxpeptides.com/guides/glutathione.pdf
Glutathione 1500mg,https://harmonyxpeptides.com/guides/glutathione.pdf
Kisspeptin-10 10mg,https://harmonyxpeptides.com/guides/kisspeptin-10.pdf
PT-141 10mg,https://harmonyxpeptides.com/guides/pt-141.pdf
Oxytocin 10mg,https://harmonyxpeptides.com/guides/oxytocin.pdf
Thymosin Alpha-1 10mg,https://harmonyxpeptides.com/guides/thymosin-alpha-1.pdf
DSIP 5mg,https://harmonyxpeptides.com/guides/dsip.pdf
DSIP 10mg,https://harmonyxpeptides.com/guides/dsip.pdf